en	ru
"Let me cum?" Odds  (1 in N chance)	Шанс на "Можно кончить?"  (1 к N)
(single word)	(одно слово)
(up to 6 seconds)	(до 6 секунд)
0 edges	0 эджей
1 in	1 к
1-in-N chance	шанс 1 к N
1–9  zoom in    •    here  confirm    •    back  step back    •    cancel  reset	1–9  приблизить    •    "here"  подтвердить    •    "back"  назад    •    "cancel"  сбросить
? Setup Guide	? Руководство по настройке
After you back off the edge and hold for the configured time (Settings → Edging behaviour), volume ramps back toward your max until you edge again — then the cycle repeats. Off = normal reactive mode.	После того как ты отступаешь от грани и держишься заданное время (Настройки → Поведение на грани), громкость снова растёт к твоему максимуму, пока ты снова не подойдёшь к грани — затем цикл повторяется. Выкл = обычный реактивный режим.
Aggressiveness	Агрессивность
Already at full view!	Уже в полном виде!
Appearance	Оформление
Apply (restarts app)	Применить (перезапускает приложение)
Audio: No Device	Аудио: Нет устройства
Audio: OK	Аудио: OK
Auto-calibrate heights by observing motion range	Автокалибровка высот по наблюдению за диапазоном движения
Auto-Cum Detection	Автоопределение оргазма
Auto-detect cum	Определять оргазм автоматически
Back to full view — navigate to the 🌿 stem!	Назад к полному виду — перейди к стеблю 🌿!
Before you hit Start	Перед тем как нажать Старт
BLE Direct	BLE напрямую
BLE HR — Scan	BLE Пульс — Сканировать
Bondage Mode — hands-free voice control (requires Vosk model)	Режим бондажа — голосовое управление без рук (нужна модель Vosk)
Calibration	Калибровка
Calibration — set all 3 (required)	Калибровка — задай все 3 (обязательно)
Can't reach xToys — check your internet connection and Webhook ID.	Не удаётся связаться с xToys — проверь интернет-соединение и Webhook ID.
Cancel	Отмена
Cell {} — 'here' to pin · up/down/left/right to nudge · 'back' to step back · 'cancel' to reset	Ячейка {} — "here" закрепить · "up/down/left/right" сдвинуть · "back" шаг назад · "cancel" сбросить
Close	Закрыть
Configure your microphone and safeword before the session starts.	Настрой микрофон и стоп-слово до начала сессии.
Confirm Head Area ✅	Подтвердить область головки ✅
Connect	Подключить
Continue →	Далее →
Controls how fast volume ramps and 'Let me cum?' odds.\nEasy: gentle ramps, 1-in-2 odds, 5 min grant\nMiddle: moderate ramps, 1-in-4 odds, 5 min grant\nHard: fast ramps, 1-in-6 odds, 3 min grant\nExpert: aggressive ramps, 1-in-30 odds, 1 min grant	Управляет тем, как быстро растёт громкость и шансами "Можно кончить?".\nЛёгкий: плавный рост, 1 к 2, разрешение на 5 мин\nСредний: умеренный рост, 1 к 4, разрешение на 5 мин\nСложный: быстрый рост, 1 к 6, разрешение на 3 мин\nЭксперт: агрессивный рост, 1 к 30, разрешение на 1 мин
Cooldown after I've CUM	Перерыв после того, как я КОНЧИЛ
Copied!	Скопировано!
Copy	Копировать
Countdown delay	Задержка отсчёта
CUM NOW! {}:00	КОНЧАЙ СЕЙЧАС! {}:00
CUM NOW! {}:{}	КОНЧАЙ СЕЙЧАС! {}:{}
Cum Volume Behavior	Поведение громкости при оргазме
Default mic device:	Микрофон по умолчанию:
Default safeword:	Стоп-слово по умолчанию:
Denial Phrases  (one per line)	Фразы отказа  (по одной в строке)
DENIED!	ОТКАЗАНО!
Detection sensitivity	Чувствительность определения
Device:	Устройство:
Download	Скачать
Drag handles to set volume floor (bottom) and ceiling (top).\nGreen triangle = where 'Let me cum?' sends volume.\nChange override behavior in Settings > Cum Volume Behavior.	Перетаскивай ползунки, чтобы задать нижнюю (низ) и верхнюю (верх) границы громкости.\nЗелёный треугольник = куда "Можно кончить?" отправляет громкость.\nИзмени поведение перекрытия в Настройки > Поведение громкости при оргазме.
Draw a rectangle on the video feed — YOLO reanchor detections inside it will be ignored	Нарисуй прямоугольник на видео — повторные захваты YOLO внутри него будут игнорироваться
e.g. 8hR5acKTCx2s	напр. 8hR5acKTCx2s
Edging behaviour	Поведение на грани
Edging Sensitivity	Чувствительность грани
Enable hands-free mode	Включить режим без рук
EVIL MODE	ЗЛОЙ РЕЖИМ
First time setup?	Первая настройка?
Font Size	Размер шрифта
Free tool. One guy made it. Tribute your dev? 😈	Бесплатный инструмент. Сделал один человек. Отблагодарить разработчика? 😈
Freeze volume at current level — tracking continues but volume won't change	Заморозить громкость на текущем уровне — отслеживание продолжается, но громкость не меняется
Get ID ↗	Получить ID ↗
Got it — close	Понятно — закрыть
Hands-Free "Let Me Cum?"	Без рук "Можно кончить?"
hard stop — mic stays on.\nsay "resume session" to continue	жёсткая остановка — микрофон остаётся включённым.\nскажи "resume session", чтобы продолжить
HELD [|]	УДЕРЖАНО [|]
Higher HR → stronger denial, slower rewards.  Get a free token at pulsoid.net/ui/keys — works with Polar, Garmin, Apple Watch, most BLE chest straps via the Pulsoid app.	Выше пульс → сильнее отказ, медленнее награды.  Получи бесплатный токен на pulsoid.net/ui/keys — работает с Polar, Garmin, Apple Watch и большинством нагрудных ремней BLE через приложение Pulsoid.
Higher sensitivity = triggers on less motion change. If it fires too easily, lower this. The countdown delay lets you cancel false positives.	Выше чувствительность = срабатывает при меньшем изменении движения. Если срабатывает слишком легко, снизь это. Задержка отсчёта позволяет отменить ложные срабатывания.
Hold Volume	Удерживать громкость
How long after cumming before the session auto-resumes. Set to 0 to disable the timer and resume manually. Clicking the button during refractory skips it early.	Сколько времени после оргазма до автоматического возобновления сессии. Поставь 0, чтобы отключить таймер и возобновлять вручную. Нажатие кнопки во время рефрактерного периода пропускает его раньше.
HR Source:	Источник пульса:
HTTP {}	HTTP {}
I'm ready — select my camera feed  →	Я готов — выбрать мою камеру  →
I've CUM	Я КОНЧИЛ
In xToys: load the VisualStimEdger script → add your toy under Connections → Generic Output, then press ▶ to run it (nothing moves until it runs). Tap “Get ID” to open xtoys.app/me → Private Webhook, then paste the ID here.	В xToys: загрузи скрипт VisualStimEdger → добавь свою игрушку в Connections → Generic Output, затем нажми ▶, чтобы запустить (ничего не двигается, пока он не запущен). Нажми "Get ID", чтобы открыть xtoys.app/me → Private Webhook, и вставь ID сюда.
Let me cum?	Можно кончить?
Level	Уровень
loading…	загрузка…
Loop:	Повтор:
Manual ✚	Вручную ✚
Mic level:	Уровень микрофона:
Microphone:	Микрофон:
Min edges	Мин. эджей
Miss — aim for the green ring at the top!	Мимо — целься в зелёное кольцо сверху!
MP3: {}	MP3: {}
Navigate to the 🌿 stem!	Перейди к стеблю 🌿!
No device selected	Устройство не выбрано
No file loaded	Файл не загружен
Not now	Не сейчас
Not yet. Wait {}s.	Ещё нет. Подожди {}с.
OBS Overlay:	OBS-оверлей:
OK	OK
Optional cut-off	Опциональный обрез
OPTIONAL hard cut-off — you don't need this set. Place a yellow line above the red edging line; cross ABOVE it and volume instantly drops to your floor, so a sudden spike can't finish you before the normal ramp reacts. Leave it unset (or push it to the very top) to disable. ✕ clears it.	ОПЦИОНАЛЬНЫЙ жёсткий обрез — его не обязательно задавать. Помести жёлтую линию над красной линией грани; пересечёшь её ВВЕРХ — громкость мгновенно падает до твоего минимума, чтобы внезапный скачок не довёл тебя до конца раньше, чем среагирует обычный рост. Оставь без значения (или задвинь в самый верх), чтобы отключить. ✕ очищает его.
Out:	Выход:
Output	Вывод
Override to 100% volume (ignore range)	Форсировать громкость на 100% (игнорировать диапазон)
Per-difficulty tuning below. Recovery = how fast volume climbs back while you hold in the erect zone (%/sec). Hold = seconds off the edge before Active Edging ramps. Ramp = how fast it climbs to max (%/sec). Defaults get more relentless on harder levels.	Тонкая настройка по сложности ниже. Восстановление = как быстро растёт громкость, пока ты держишься в твёрдой зоне (%/с). Удержание = секунды вне грани до того, как Активный эджинг начнёт рост. Рост = как быстро он поднимается до максимума (%/с). Значения по умолчанию становятся беспощаднее на сложных уровнях.
Play Mode — minimal immersive view; hides settings	Иммерсивный режим — минимальный погружённый вид; скрывает настройки
Practice Grid →	Тренировочная сетка →
Press after finishing — volume drops to 0 and stays there. Press again (as 'Resume') if you want to go another round.	Нажми после завершения — громкость падает до 0 и остаётся там. Нажми снова (как "Возобновить"), если хочешь ещё раунд.
Pulls the Edging state-display toward Erect by N pixels so the OBS overlay lights up earlier. Affects only the State label / OBS broadcast — the volume / denial math always uses the strict calibrated line.	Смещает отображение состояния "На грани" на N пикселей к Твёрдому, чтобы OBS-оверлей загорался раньше. Влияет только на метку Состояния / трансляцию OBS — расчёт громкости / отказа всегда использует строго откалиброванную линию.
Pulsoid	Pulsoid
Pulsoid Token:	Токен Pulsoid:
pulsoid.net/ui/keys (paid plan required)	pulsoid.net/ui/keys (нужен платный план)
Re-Select Feed	Заново выбрать видео
Re-Select Head	Заново выбрать головку
Recover volume when held in the erect zone	Восстанавливать громкость при удержании в твёрдой зоне
Refractory Period	Рефрактерный период
Refractory: {}:00	Рефрактерный: {}:00
Refractory: {}:00\n(click to skip)	Рефрактерный: {}:00\n(нажми, чтобы пропустить)
Refractory: {}:{}\n(click to skip)	Рефрактерный: {}:{}\n(нажми, чтобы пропустить)
Refresh	Обновить
Remove all exclusion zones	Удалить все зоны исключения
Reset Defaults	Сбросить по умолчанию
Reset — navigate to the 🌿 stem!	Сброс — перейди к стеблю 🌿!
Respect volume ceiling (stay within range)	Соблюдать верхнюю границу громкости (оставаться в диапазоне)
Restim	Restim
Restim disconnected — enable its WebSocket server and check the port matches.	Restim отключён — включи его WebSocket-сервер и проверь, что порт совпадает.
Restim Port:	Порт Restim:
Resume	Возобновить
Roll the dice — odds depend on aggressiveness. Win = temporary full volume permission	Брось кости — шансы зависят от агрессивности. Победа = временное разрешение полной громкости
Ruin Phrases (one per line)	Фразы порчи (по одной в строке)
RUINED 😈	ИСПОРЧЕНО 😈
Safeword:	Стоп-слово:
Sample Text Abc 123	Пример текста Abc 123
Say a number, or "cancel"	Скажи число или "cancel"
Scanning for BLE HR monitors…	Поиск BLE-мониторов пульса…
Scan…	Сканировать…
Score: 0	Счёт: 0
Score: {}	Счёт: {}
Select audio file	Выбрать аудиофайл
Select music folder	Выбрать папку с музыкой
Session: 00:00  |  Edges: 0	Сессия: 00:00  |  Эджи: 0
Session: {}:{}  |  Edges: {}  |  Edging {}%  Erect {}%  Flaccid {}%	Сессия: {}:{}  |  Эджи: {}  |  На грани {}%  Твёрдый {}%  Вялый {}%
Settings	Настройки
Setup steps:\n\n1. Open xtoys.app in a browser and sign in\n2. Scripts → search “VisualStimEdger” → Load Script\n3. Connections → add your toy under Generic Output\n4. Go to xtoys.app/me → Private Webhook\n5. Copy the Webhook ID → paste it into VSE\n6. Press the green ▶ to RUN the script — nothing moves until you do\n7. Keep the xToys tab open while you use VSE	Шаги настройки:\n\n1. Открой xtoys.app в браузере и войди\n2. Scripts → найди "VisualStimEdger" → Load Script\n3. Connections → добавь свою игрушку в Generic Output\n4. Перейди на xtoys.app/me → Private Webhook\n5. Скопируй Webhook ID → вставь его в VSE\n6. Нажми зелёную ▶, чтобы ЗАПУСТИТЬ скрипт — ничего не двигается, пока не нажмёшь\n7. Держи вкладку xToys открытой, пока пользуешься VSE
Sir Thorn's Private Sessions Vol. 2 — 21 MP3 tracks made for edging. Load them straight into this player. Opens Ko-fi.	Private Sessions Vol. 2 от Sir Thorn — 21 MP3-трек, сделанные для эджинга. Загрузи их прямо в этот плеер. Открывает Ko-fi.
Sir Thorn's Sunday Drive sessions as JSON stim patterns — free / pay-what-you-want. Made for electro over your audio output. Opens Ko-fi.	Сессии Sunday Drive от Sir Thorn в виде JSON-паттернов стимуляции — бесплатно / плати сколько хочешь. Сделаны для электро через твой аудиовыход. Открывает Ko-fi.
Skip voice verification	Пропустить голосовую проверку
Start Bondage Mode →	Запустить режим бондажа →
State: --  |  Vol: --  |  WS: Disconnected	Состояние: --  |  Гром.: --  |  WS: Отключено
State: {}  |  Vol: {}  |  {}  |  {}  |  {} fps  |  {}	Состояние: {}  |  Гром.: {}  |  {}  |  {}  |  {} fps  |  {}
Step 1 — Draw a box around your video feed, then release to lock.  [Esc to cancel]	Шаг 1 — Нарисуй рамку вокруг своего видео, затем отпусти, чтобы зафиксировать.  [Esc для отмены]
Step 2: Select Cock Head	Шаг 2: Выбери головку
Stepped back — say a number or 'back' again	Шаг назад — скажи число или снова "back"
Stop YOLO from re-anchoring the tracker. Draw your box on a stable, high-contrast spot (a plug/electrode is ideal) and it stays put. Turn off to let auto-reacquire find the head again.	Не даёт YOLO заново привязывать отслеживание. Нарисуй рамку на стабильной, контрастной точке (пробка/электрод идеально) — и она останется на месте. Выключи, чтобы автоперезахват снова нашёл головку.
T-code Axis	Ось T-code
Theme: {}	Тема: {}
Time's up. Back to edging.	Время вышло. Обратно к грани.
Too slow!	Слишком медленно!
TRACKING LOST - Frozen at last position	ОТСЛЕЖИВАНИЕ ПОТЕРЯНО - Заморожено на последней позиции
TRACKING SUSPECT ({}) - Frozen	ОТСЛЕЖИВАНИЕ СОМНИТЕЛЬНО ({}) - Заморожено
Update available: v{}	Доступно обновление: v{}
VisualStimEdger	VisualStimEdger
VOL\nRANGE	ДИАПАЗОН\nГРОМ.
Vol: {}	Гром.: {}
Vol: —	Гром.: —
v{}  ·  edge smarter	v{}  ·  эджинг с умом
Wait {}s...	Подожди {}с...
Webhook ID:	Webhook ID:
When enabled, VSE automatically rolls for cum permission each time an edge is detected. 'Min edges' sets how many edges must occur first. '1 in N' is the per-edge roll chance (lower N = more likely). Uses the same grant window as a manual roll.	Когда включено, VSE автоматически бросает кости на разрешение кончить при каждом обнаруженном эдже. "Мин. эджей" задаёт, сколько эджей должно произойти сначала. "1 к N" — шанс за эдж (меньше N = вероятнее). Использует то же окно разрешения, что и ручной бросок.
Which T-code axis VSE sends volume commands on. This must match the axis your Restim session has bound to the parameter you want to control (usually 'Volume'). Check Restim's Websocket / T-code panel if you're unsure.	На какой оси T-code VSE отправляет команды громкости. Она должна совпадать с осью, которую твоя сессия Restim привязала к параметру, которым ты хочешь управлять (обычно "Volume"). Посмотри панель Websocket / T-code в Restim, если не уверен.
WS: {}	WS: {}
xToys	xToys
xToys reached the cloud but the block didn't answer — press ▶ to run the VisualStimEdger block in your xToys tab (reload it if it's an old copy, or re-check your Webhook ID).	xToys достиг облака, но блок не ответил — нажми ▶, чтобы запустить блок VisualStimEdger во вкладке xToys (перезагрузи его, если это старая копия, или перепроверь Webhook ID).
xToys Setup	Настройка xToys
xToys: block STOPPED?	xToys: блок ОСТАНОВЛЕН?
xToys: Live	xToys: В эфире
xToys: Live ({})	xToys: В эфире ({})
xToys: No ID	xToys: Нет ID
xToys: Offline	xToys: Оффлайн
xToys: paste your Webhook ID from xtoys.app/me → Private Webhook (or tap Get ID).	xToys: вставь свой Webhook ID с xtoys.app/me → Private Webhook (или нажми "Get ID").
You've been a good boy. {}:{} remaining.	Ты был хорошим мальчиком. Осталось {}:{}.
You've been a good boy.{} You have {} min.	Ты был хорошим мальчиком.{} У тебя {} мин.
You've been edging {}+ times, hands-free.	Ты уже на грани {}+ раз, без рук.
Zoom in first — say a number!	Сначала приблизь — скажи число!
{} bpm	{} уд/мин
{} edges	{} эджей
{} px	{} px
{}px	{}px
← Back	← Назад
↩ Undo (3s)	↩ Отменить (3с)
⏳ Cum window: {}s remaining — say 'came' or click Cancel	⏳ Окно для оргазма: осталось {}с — скажи "came" или нажми Отмена
▶ Play	▶ Воспроизвести
▶ RESUME SESSION	▶ ВОЗОБНОВИТЬ СЕССИЮ
☕ Tribute	☕ Дань
♥ -- bpm	♥ -- уд/мин
♥ No HR	♥ Нет пульса
♥ {} bpm	♥ {} уд/мин
⚡ Free stim patterns ↗	⚡ Бесплатные паттерны стим ↗
⚡ P.O.N.R.	⚡ ТНВ
⚡ Point of No Return — cut	⚡ Точка невозврата — обрезать
✓  HIT!	✓  ПОПАЛ!
✓ Safeword verified!	✓ Стоп-слово подтверждено!
✕ Cancel	✕ Отмена
✕ Clear	✕ Очистить
＋ Exclusion Zone	＋ Зона исключения
🍆  Grid Navigator Practice	🍆  Практика навигатора сетки
🍆 Grid Practice	🍆 Практика сетки
🎉 Nice shot!	🎉 Хороший выстрел!
🎙 BONDAGE	🎙 БОНДАЖ
🎙 Bondage active — safeword: "{}"	🎙 Бондаж активен — стоп-слово: "{}"
🎙 Bondage Mode Defaults	🎙 Значения режима бондажа по умолчанию
🎙 Bondage Mode Setup	🎙 Настройка режима бондажа
🎙 Bondage Mode — Setup	🎙 Режим бондажа — Настройка
🎙 Confirm failed — feed gone?	🎙 Подтверждение не удалось — видео пропало?
🎙 Exclude zone — say 1-9 to zoom, 'exclude'/'here' to add	🎙 Зона исключения — скажи 1-9 для зума, "exclude"/"here" чтобы добавить
🎙 Exclusion zone added ({} total) — say 'clear exclude' to remove all	🎙 Зона исключения добавлена (всего {}) — скажи "clear exclude", чтобы удалить все
🎙 Exclusion zones cleared	🎙 Зоны исключения очищены
🎙 Grid cancelled	🎙 Сетка отменена
🎙 Grid cell {} (zoom {}) — say 'here' to lock, or zoom more	🎙 Ячейка {} (зум {}) — скажи "here", чтобы зафиксировать, или зумируй ещё
🎙 Grid reset — say 1-9 to zoom	🎙 Сетка сброшена — скажи 1-9 для зума
🎙 Grid — say 1-9 to zoom, 'here' to lock	🎙 Сетка — скажи 1-9 для зума, "here" чтобы зафиксировать
🎙 Head reselected ✓	🎙 Головка выбрана заново ✓
🎙 Lines set — adjust with voice	🎙 Линии заданы — регулируй голосом
🎙 MIC	🎙 МИК
🎙 No windows found	🎙 Окна не найдены
🎙 Paused (say 'resume')	🎙 Пауза (скажи "resume")
🎙 Session resumed	🎙 Сессия возобновлена
🎙 Source switch cancelled	🎙 Смена источника отменена
🎙 Source switch failed	🎙 Смена источника не удалась
🎙 Source → {}… — say 'find head' to reanchor	🎙 Источник → {}… — скажи "find head" для перепривязки
🎙 Switch Source	🎙 Сменить источник
🎙 Voice Commands	🎙 Голосовые команды
🎙 {} {}  ({}px)	🎙 {} {}  ({}px)
🎧 21 tracks to edge to ↗	🎧 21 трек для эджинга ↗
👿 VisualStimEdger [EVIL MODE]	👿 VisualStimEdger [ЗЛОЙ РЕЖИМ]
💡 Press AUTO to calibrate height lines	💡 Нажми AUTO, чтобы откалибровать линии высоты
📁 Load File	📁 Загрузить файл
📂 Load Folder	📂 Загрузить папку
📷 AUTO	📷 AUTO
📷 AUTO  (flaccid set, need more range)	📷 AUTO  (вялый задан, нужен больший диапазон)
📷 AUTO  (observing...)	📷 AUTO  (наблюдение...)
📷 AUTO  (off)	📷 AUTO  (выкл)
📷 AUTO  ✓	📷 AUTO  ✓
🔁 Active Edging (auto-ramp)	🔁 Активный эджинг (авто-рост)
🔁 Active Edging off	🔁 Активный эджинг выкл
🔁 Active Edging on — ramps up after {}s off the edge ({})	🔁 Активный эджинг вкл — рост через {}с вне грани ({})
🔒 Lock on target (no auto-reanchor)	🔒 Зафиксировать на цели (без авто-перепривязки)
🔒 Locked on target — won't auto-reanchor	🔒 Зафиксировано на цели — не будет авто-перепривязки
🔓 Auto-reanchor back on	🔓 Авто-перепривязка снова вкл
😈 Ruin Odds (% chance when denied, Evil Mode only)	😈 Шанс порчи (% при отказе, только Злой режим)
😈 tribute your dom before you're allowed → ☕	😈 принеси дань Господину, прежде чем тебе позволят → ☕
🛑 SAFEWORD	🛑 СТОП-СЛОВО
🛑 SAFEWORD — say "resume session" or click ▶ RESUME	🛑 СТОП-СЛОВО — скажи "resume session" или нажми ▶ ВОЗОБНОВИТЬ
About	О программе
Balanced	Баланс
Calibrate Flaccid / Erect / Edging heights	Калибровка высот: Вялый / Твёрдый / На грани
Classic	Классический
Classic = the proven tracker (default). Deep = an experimental neural tracker — more robust in clean tests, but it can balloon its box on smooth targets; still being validated. Stick with Classic for now.	Классический = проверенный трекер (по умолчанию). Глубокий = экспериментальный нейросетевой трекер — устойчивее в чистых тестах, но на гладких целях может раздувать рамку; всё ещё на проверке. Пока оставайся на Классическом.
Controls volume only — does not generate e-stim signals.\nYou need Restim, xToys, electron-redrive, an .mp3, etc. already running.	Управляет только громкостью — не создаёт сигналы электростимуляции.\nRestim, xToys, electron-redrive, .mp3 и т.п. уже должны быть запущены.
Deep	Глубокий
Disconnected	Отключено
Do this during your session. AUTO mode can handle it for you.\nRe-calibrate any time without restarting.	Делай это во время сессии. Режим AUTO может сделать это за тебя.\nПерекалибровать можно когда угодно, без перезапуска.
Draw a small box around the head. An electrode or ring tracks\neven better than skin alone.	Нарисуй небольшую рамку вокруг головки. Электрод или кольцо отслеживаются\nдаже лучше, чем одна кожа.
Easy	Лёгкий
Edging	На грани
Erect	Твёрдый
Erect (Needs Calibration)	Твёрдый (нужна калибровка)
Expert	Эксперт
Fast	Быстро
Fastest	Быстрее
Flaccid	Вялый
Full	Полное
GitHub (latest release)	GitHub (последняя версия)
Hard	Сложный
Hold s	Удержание с
Keep it visible and not minimised	Держи его на виду и не сворачивай
Ko-fi (support)	Ko-fi (поддержать)
Language	Язык
Lock by look (experimental)	Захват по виду (экспериментально)
Lower = faster on slow PCs. Downscales the frame before tracking, not the video you watch. If your FPS is low, try Fast or Fastest.	Ниже = быстрее на слабых ПК. Уменьшает кадр перед трекингом, а не само видео, которое ты смотришь. Если FPS низкий, попробуй «Быстро» или «Быстрее».
Middle	Средний
OBS, webcam app, browser stream — anything showing your cock in a window.\nIt does NOT need to be full-screen.	OBS, приложение веб-камеры, трансляция в браузере — что угодно, что показывает твой член в окне.\nПолный экран НЕ нужен.
Open your camera feed	Открой поток с камеры
Performance	Производительность
Ramp %/s	Нарастание %/с
Recover %/s	Восстановление %/с
Settings...	Настройки...
The app will ask you to draw a box around that window.\nBring it to the front before hitting Start.	Приложение попросит тебя обвести это окно рамкой.\nПеред нажатием «Старт» выведи его на передний план.
Track: LOST	Трекинг: ПОТЕРЯН
Track: OK	Трекинг: ОК
Tracking engine	Движок трекинга
Tracking resolution	Разрешение трекинга
Tracks by colour/darkness instead of the tracker. Only worth it with a genuinely distinct marker — a matte lime / teal / hot-pink sticker. It can't tell a red/yellow/black target from skin. Off = normal tracking.	Отслеживает по цвету/яркости, а не трекером. Есть смысл только с по-настоящему заметным маркером — матовая лаймовая / бирюзовая / ярко-розовая наклейка. Красную/жёлтую/чёрную цель он не отличит от кожи. Выкл = обычный трекинг.
You'll mark the tip of your cock	Отметишь кончик своего члена
ceil	потолок
floor	пол
⊞🔊 windows	⊞🔊 звук Windows
♥ HR	♥ Пульс
